{"assets/fonts/font-times-new-roman.ttf":["assets/fonts/font-times-new-roman.ttf"],"assets/images/bg-qr.png":["assets/images/bg-qr.png"],"assets/images/ic-avatar.png":["assets/images/ic-avatar.png"],"assets/images/ic-checked.png":["assets/images/ic-checked.png"],"assets/images/ic-dark-theme.png":["assets/images/ic-dark-theme.png"],"assets/images/ic-dashboard-unselect.png":["assets/images/ic-dashboard-unselect.png"],"assets/images/ic-dashboard.png":["assets/images/ic-dashboard.png"],"assets/images/ic-dropdown.png":["assets/images/ic-dropdown.png"],"assets/images/ic-light-theme.png":["assets/images/ic-light-theme.png"],"assets/images/ic-pop.png":["assets/images/ic-pop.png"],"assets/images/ic-qr-unselect.png":["assets/images/ic-qr-unselect.png"],"assets/images/ic-qr.png":["assets/images/ic-qr.png"],"assets/images/ic-system-theme.png":["assets/images/ic-system-theme.png"],"assets/images/ic-uncheck.png":["assets/images/ic-uncheck.png"],"assets/images/ic-user-unselect.png":["assets/images/ic-user-unselect.png"],"assets/images/ic-user.png":["assets/images/ic-user.png"],"assets/images/ic-viet-qr-small.png":["assets/images/ic-viet-qr-small.png"],"assets/images/ic-viet-qr.png":["assets/images/ic-viet-qr.png"],"assets/images/logo.png":["assets/images/logo.png"],"packages/cupertino_icons/assets/CupertinoIcons.ttf":["packages/cupertino_icons/assets/CupertinoIcons.ttf"]}